{
  "total_images": 69863,
  "total_annotations": 1286871,
  "avg_objects_per_image": 18.4199218470435,
  "std_objects_per_image": 9.619078090894803,
  "class_stats": {
    "car": {
      "count": 713211,
      "images_with_class": 69072,
      "percentage_of_total": 55.42210524598037,
      "avg_per_image": 10.208708472295779,
      "avg_width": 74.61667185848648,
      "avg_height": 58.02200624100441,
      "avg_area": 9422.474886962873,
      "median_area": 1381.9170066665401,
      "std_area": 25003.25722141537,
      "avg_aspect_ratio": 1.3477271065016476,
      "occluded_count": 483121,
      "occluded_ratio": 67.73885988858837,
      "truncated_count": 66529,
      "truncated_ratio": 9.32809505181496,
      "both_occluded_truncated": 14646,
      "size_distribution": {
        "tiny": 310643,
        "small": 268661,
        "medium": 107767,
        "large": 26140
      },
      "weather_distribution": {
        "clear": 372733,
        "overcast": 103827,
        "undefined": 79964,
        "partly cloudy": 55728,
        "snowy": 52104,
        "rainy": 47681,
        "foggy": 1174
      },
      "scene_distribution": {
        "city street": 448493,
        "highway": 158695,
        "residential": 98101,
        "parking lot": 4592,
        "undefined": 2457,
        "tunnel": 684,
        "gas stations": 189
      },
      "timeofday_distribution": {
        "daytime": 401271,
        "night": 255152,
        "dawn/dusk": 55985,
        "undefined": 803
      }
    },
    "truck": {
      "count": 29971,
      "images_with_class": 18890,
      "percentage_of_total": 2.328982469882374,
      "avg_per_image": 0.4289967507836766,
      "avg_width": 127.58069050422074,
      "avg_height": 115.1240365292783,
      "avg_area": 27771.02896405792,
      "median_area": 5593.884495299518,
      "std_area": 59088.65535231377,
      "avg_aspect_ratio": 1.2997225809960085,
      "occluded_count": 19634,
      "occluded_ratio": 65.50999299322679,
      "truncated_count": 4558,
      "truncated_ratio": 15.208034433285508,
      "both_occluded_truncated": 1435,
      "size_distribution": {
        "small": 12905,
        "medium": 8484,
        "tiny": 5080,
        "large": 3502
      },
      "weather_distribution": {
        "clear": 12533,
        "overcast": 5285,
        "undefined": 4107,
        "partly cloudy": 3166,
        "snowy": 2679,
        "rainy": 2171,
        "foggy": 30
      },
      "scene_distribution": {
        "city street": 20045,
        "highway": 7588,
        "residential": 2125,
        "parking lot": 109,
        "undefined": 62,
        "tunnel": 35,
        "gas stations": 7
      },
      "timeofday_distribution": {
        "daytime": 22325,
        "night": 5323,
        "dawn/dusk": 2292,
        "undefined": 31
      }
    },
    "bus": {
      "count": 11672,
      "images_with_class": 8993,
      "percentage_of_total": 0.9070062189605641,
      "avg_per_image": 0.16706983668036013,
      "avg_width": 145.66309447326935,
      "avg_height": 127.37936233447567,
      "avg_area": 35806.86379080065,
      "median_area": 6329.889556424769,
      "std_area": 73811.25725694008,
      "avg_aspect_ratio": 1.4261494388924276,
      "occluded_count": 7645,
      "occluded_ratio": 65.49862919808088,
      "truncated_count": 2146,
      "truncated_ratio": 18.385880740233038,
      "both_occluded_truncated": 764,
      "size_distribution": {
        "small": 4835,
        "medium": 3277,
        "tiny": 1846,
        "large": 1714
      },
      "weather_distribution": {
        "clear": 4842,
        "overcast": 1939,
        "undefined": 1871,
        "partly cloudy": 1082,
        "snowy": 998,
        "rainy": 927,
        "foggy": 13
      },
      "scene_distribution": {
        "city street": 8729,
        "highway": 2237,
        "residential": 622,
        "parking lot": 36,
        "undefined": 33,
        "tunnel": 15
      },
      "timeofday_distribution": {
        "daytime": 8410,
        "night": 2227,
        "dawn/dusk": 1014,
        "undefined": 21
      }
    },
    "train": {
      "count": 136,
      "images_with_class": 105,
      "percentage_of_total": 0.010568269857662502,
      "avg_per_image": 0.0019466670483660878,
      "avg_width": 267.08336686764704,
      "avg_height": 83.87230733823529,
      "avg_area": 38624.71901562403,
      "median_area": 4962.90340385105,
      "std_area": 72176.71862129467,
      "avg_aspect_ratio": 3.732762070259466,
      "occluded_count": 80,
      "occluded_ratio": 58.82352941176471,
      "truncated_count": 38,
      "truncated_ratio": 27.941176470588236,
      "both_occluded_truncated": 28,
      "size_distribution": {
        "tiny": 49,
        "medium": 30,
        "small": 29,
        "large": 28
      },
      "weather_distribution": {
        "clear": 65,
        "partly cloudy": 20,
        "overcast": 18,
        "snowy": 16,
        "rainy": 11,
        "undefined": 6
      },
      "scene_distribution": {
        "city street": 82,
        "highway": 48,
        "residential": 6
      },
      "timeofday_distribution": {
        "daytime": 97,
        "night": 30,
        "dawn/dusk": 9
      }
    },
    "person": {
      "count": 91349,
      "images_with_class": 22076,
      "percentage_of_total": 7.098535906085381,
      "avg_per_image": 1.3075447661852482,
      "avg_width": 27.672265616843095,
      "avg_height": 66.70915494334913,
      "avg_area": 2945.0119390202653,
      "median_area": 1075.568479270897,
      "std_area": 7617.504764509023,
      "avg_aspect_ratio": 0.4604831937120513,
      "occluded_count": 52996,
      "occluded_ratio": 58.014866063120564,
      "truncated_count": 3183,
      "truncated_ratio": 3.4844388006436855,
      "both_occluded_truncated": 934,
      "size_distribution": {
        "tiny": 44187,
        "small": 41812,
        "medium": 5098,
        "large": 252
      },
      "weather_distribution": {
        "clear": 33796,
        "undefined": 23014,
        "overcast": 14581,
        "snowy": 7844,
        "partly cloudy": 6243,
        "rainy": 5831,
        "foggy": 40
      },
      "scene_distribution": {
        "city street": 83817,
        "residential": 3947,
        "highway": 3290,
        "parking lot": 172,
        "undefined": 85,
        "gas stations": 24,
        "tunnel": 14
      },
      "timeofday_distribution": {
        "daytime": 66058,
        "night": 18898,
        "dawn/dusk": 6321,
        "undefined": 72
      }
    },
    "rider": {
      "count": 4517,
      "images_with_class": 3586,
      "percentage_of_total": 0.35100643343427584,
      "avg_per_image": 0.06465511071668838,
      "avg_width": 43.502290508080584,
      "avg_height": 82.53194349324774,
      "avg_area": 6314.221790684924,
      "median_area": 1790.4236085900818,
      "std_area": 14159.282825363953,
      "avg_aspect_ratio": 0.5817435811742089,
      "occluded_count": 4028,
      "occluded_ratio": 89.17423068408236,
      "truncated_count": 227,
      "truncated_ratio": 5.02545937569183,
      "both_occluded_truncated": 177,
      "size_distribution": {
        "small": 2204,
        "tiny": 1601,
        "medium": 652,
        "large": 60
      },
      "weather_distribution": {
        "clear": 2048,
        "undefined": 931,
        "overcast": 773,
        "partly cloudy": 362,
        "snowy": 203,
        "rainy": 196,
        "foggy": 4
      },
      "scene_distribution": {
        "city street": 3809,
        "highway": 375,
        "residential": 322,
        "undefined": 4,
        "parking lot": 4,
        "tunnel": 3
      },
      "timeofday_distribution": {
        "daytime": 3331,
        "night": 868,
        "dawn/dusk": 316,
        "undefined": 2
      }
    },
    "bike": {
      "count": 7210,
      "images_with_class": 4343,
      "percentage_of_total": 0.5602737181893134,
      "avg_per_image": 0.10320198101999628,
      "avg_width": 60.625712850485435,