{
  "total_images": 10000,
  "total_annotations": 185526,
  "avg_objects_per_image": 18.5526,
  "std_objects_per_image": 9.596063864114726,
  "class_stats": {
    "car": {
      "count": 102506,
      "images_with_class": 9879,
      "percentage_of_total": 55.25155503810787,
      "avg_per_image": 10.2506,
      "avg_width": 74.26429775461924,
      "avg_height": 57.885980569088645,
      "avg_area": 9389.02335295735,
      "median_area": 1366.38586446088,
      "std_area": 24949.69635430002,
      "avg_aspect_ratio": 1.344150229682574,
      "occluded_count": 69382,
      "occluded_ratio": 67.6857940023023,
      "truncated_count": 9480,
      "truncated_ratio": 9.24823912746571,
      "both_occluded_truncated": 2162,
      "size_distribution": {
        "tiny": 44907,
        "small": 38493,
        "medium": 15340,
        "large": 3766
      },
      "weather_distribution": {
        "clear": 53654,
        "overcast": 14370,
        "undefined": 11381,
        "partly cloudy": 8528,
        "snowy": 7486,
        "rainy": 6949,
        "foggy": 138
      },
      "scene_distribution": {
        "city street": 63742,
        "highway": 22356,
        "residential": 15261,
        "parking lot": 587,
        "undefined": 366,
        "tunnel": 140,
        "gas stations": 54
      },
      "timeofday_distribution": {
        "daytime": 57833,
        "night": 35927,
        "dawn/dusk": 8590,
        "undefined": 156
      }
    },
    "truck": {
      "count": 4245,
      "images_with_class": 2689,
      "percentage_of_total": 2.2880890010025547,
      "avg_per_image": 0.4245,
      "avg_width": 125.42476361672557,
      "avg_height": 113.89476753757363,
      "avg_area": 27422.988112125688,
      "median_area": 5510.589314534494,
      "std_area": 59138.71562632937,
      "avg_aspect_ratio": 1.2773197972441181,
      "occluded_count": 2769,
      "occluded_ratio": 65.22968197879858,
      "truncated_count": 633,
      "truncated_ratio": 14.911660777385158,
      "both_occluded_truncated": 191,
      "size_distribution": {
        "small": 1835,
        "medium": 1156,
        "tiny": 744,
        "large": 510
      },
      "weather_distribution": {
        "clear": 1741,
        "overcast": 660,
        "undefined": 636,
        "partly cloudy": 454,
        "rainy": 378,
        "snowy": 371,
        "foggy": 5
      },
      "scene_distribution": {
        "city street": 2829,
        "highway": 1033,
        "residential": 348,
        "parking lot": 16,
        "undefined": 9,
        "tunnel": 7,
        "gas stations": 3
      },
      "timeofday_distribution": {
        "daytime": 3125,
        "night": 747,
        "dawn/dusk": 367,
        "undefined": 6
      }
    },
    "bus": {
      "count": 1597,
      "images_with_class": 1242,
      "percentage_of_total": 0.8607957914254606,
      "avg_per_image": 0.1597,
      "avg_width": 143.35384417783342,
      "avg_height": 123.50496942579836,
      "avg_area": 33675.07644575342,
      "median_area": 5947.42832196482,
      "std_area": 66920.68599106195,
      "avg_aspect_ratio": 1.4238279093528856,
      "occluded_count": 1069,
      "occluded_ratio": 66.93800876643708,
      "truncated_count": 288,
      "truncated_ratio": 18.033813400125233,
      "both_occluded_truncated": 118,
      "size_distribution": {
        "small": 658,
        "medium": 432,
        "tiny": 267,
        "large": 240
      },
      "weather_distribution": {
        "clear": 682,
        "overcast": 262,
        "undefined": 246,
        "partly cloudy": 142,
        "snowy": 133,
        "rainy": 132
      },
      "scene_distribution": {
        "city street": 1188,
        "highway": 293,
        "residential": 107,
        "tunnel": 5,
        "parking lot": 4
      },
      "timeofday_distribution": {
        "daytime": 1156,
        "night": 302,
        "dawn/dusk": 134,
        "undefined": 5
      }
    },
    "train": {
      "count": 15,
      "images_with_class": 14,
      "percentage_of_total": 0.008085120144885353,
      "avg_per_image": 0.0015,
      "avg_width": 288.85726193333335,
      "avg_height": 82.2468944,
      "avg_area": 29394.23830322689,
      "median_area": 14426.14427920714,
      "std_area": 37773.07949949258,
      "avg_aspect_ratio": 5.153213715411818,
      "occluded_count": 13,
      "occluded_ratio": 86.66666666666667,
      "truncated_count": 5,
      "truncated_ratio": 33.33333333333333,
      "both_occluded_truncated": 5,
      "size_distribution": {
        "medium": 7,
        "small": 5,
        "large": 2,
        "tiny": 1
      },
      "weather_distribution": {
        "clear": 5,
        "snowy": 5,
        "partly cloudy": 2,
        "overcast": 2,
        "rainy": 1
      },
      "scene_distribution": {
        "highway": 9,
        "city street": 6
      },
      "timeofday_distribution": {
        "daytime": 8,
        "night": 6,
        "dawn/dusk": 1
      }
    },
    "person": {
      "count": 13262,
      "images_with_class": 3220,
      "percentage_of_total": 7.14832422409797,
      "avg_per_image": 1.3262,
      "avg_width": 27.45511726813452,
      "avg_height": 66.0103465885236,
      "avg_area": 2879.9516092968956,
      "median_area": 1082.3810175681758,
      "std_area": 7327.6931565315235,
      "avg_aspect_ratio": 0.45988779054057666,
      "occluded_count": 7694,
      "occluded_ratio": 58.01538229527975,
      "truncated_count": 454,
      "truncated_ratio": 3.423314733825969,
      "both_occluded_truncated": 124,
      "size_distribution": {
        "tiny": 6399,
        "small": 6108,
        "medium": 717,
        "large": 38
      },
      "weather_distribution": {
        "clear": 4935,
        "undefined": 3414,
        "overcast": 1916,
        "snowy": 1137,
        "partly cloudy": 1034,
        "rainy": 822,
        "foggy": 4
      },
      "scene_distribution": {
        "city street": 12095,
        "residential": 661,
        "highway": 447,
        "parking lot": 28,
        "undefined": 24,
        "gas stations": 5,
        "tunnel": 2
      },
      "timeofday_distribution": {
        "daytime": 9366,
        "night": 2843,
        "dawn/dusk": 1046,
        "undefined": 7
      }
    },
    "rider": {
      "count": 649,
      "images_with_class": 515,
      "percentage_of_total": 0.3498161982687063,
      "avg_per_image": 0.0649,
      "avg_width": 42.83583751001541,
      "avg_height": 79.27838775963019,
      "avg_area": 5971.1839441667325,
      "median_area": 1615.013824136516,
      "std_area": 13855.634798494719,
      "avg_aspect_ratio": 0.602564470544646,
      "occluded_count": 573,
      "occluded_ratio": 88.28967642526965,
      "truncated_count": 28,
      "truncated_ratio": 4.314329738058552,
      "both_occluded_truncated": 25,
      "size_distribution": {
        "small": 308,
        "tiny": 241,
        "medium": 93,
        "large": 7
      },
      "weather_distribution": {
        "clear": 293,
        "undefined": 127,
        "overcast": 101,
        "partly cloudy": 45,
        "rainy": 44,
        "snowy": 38,
        "foggy": 1
      },
      "scene_distribution": {
        "city street": 538,
        "residential": 58,
        "highway": 52,
        "undefined": 1
      },
      "timeofday_distribution": {
        "daytime": 478,
        "night": 125,
        "dawn/dusk": 46
      }
    },
    "bike": {
      "count": 1007,
      "images_with_class": 578,
      "percentage_of_total": 0.5427810657266368,
      "avg_per_image": 0.1007,
      "avg_width": 59.04230235849057,
      "avg_height": 65.00099782323734,
      "avg_area": 5413.467515034841,
      "median_area": 2446.765319132927,
      "std_area": 9095.159671242398,
      "avg_aspect_ratio": 0.9587907125920521,
      "occluded_count": 887,
      "occluded_ratio": 88.08341608738827,
      "truncated_count": 82,
      "truncated_ratio": 8.14299900695134,
      "both_occluded_truncated": 59,
      "size_distribution": {
        "small": 607,